,VIF Factor,features
0,87.33043778646976,fixed acidity
1,9.32095330315537,volatile acidity
2,9.432876306629556,citric acid
3,3.5508042931715327,residual sugar
4,5.559494875040941,chlorides
5,8.720956060822912,free sulfur dioxide
6,24.458012327070822,total sulfur dioxide
7,1047.7134149445405,density
8,617.9133057256073,pH
9,21.836436400228042,sulphates
10,115.99094715197458,alcohol
