,VIF Factor,features
0,75.02303236657202,fixed acidity
1,16.460387106332522,volatile acidity
2,9.188891766917441,citric acid
3,4.915732750103729,residual sugar
4,6.349793220736208,chlorides
5,6.43224095647594,free sulfur dioxide
6,6.543917949537043,total sulfur dioxide
7,1500.3878725312725,density
8,1095.7320456102423,pH
9,21.94634144023295,sulphates
10,123.09744921955478,alcohol
